{"677c1d7c-1285-437d-a372-dc30375ea240/hello_claude.md": 1776379084.5579438, "6a57a387-618b-40b1-9847-ebddee982c18/hello_claude.md": 1776378729.1278365, "0bf63fb0-f5d4-4a37-aedc-7db52493b4e6/_fanout_codex/Codex.md": 1776352528.866243, "0bf63fb0-f5d4-4a37-aedc-7db52493b4e6/_fanout_claude/Claude.md": 1776352534.6300673, "0bf63fb0-f5d4-4a37-aedc-7db52493b4e6/_fanout_gemini/Gemini CLI.md": 1776352536.987631, "4aaa64bc-8eee-4005-a3c5-a721979c86f2/_fanout_codex/codex.md": 1776383358.390441, "4aaa64bc-8eee-4005-a3c5-a721979c86f2/_fanout_claude/who-are-you.md": 1776383429.4415162, "4aaa64bc-8eee-4005-a3c5-a721979c86f2/_fanout_gemini/who are you.md": 1776384398.1941555, "e272a25e-e4ed-4ef7-b3e1-d1b8dd27f743/letter_to_claude.md": 1776468698.682116, "e272a25e-e4ed-4ef7-b3e1-d1b8dd27f743/letter_to_codex.md": 1776474120.7856522, "bc659fc0-6cbb-4cea-8458-b2180de7807a/letter_to_codex.md": 1776474213.673039}